{"cameraMode":{"drawMode":0,"name":"Shaded","section":"Shading Mode"},"sceneLighting":true,"audioPlay":false,"sceneViewState":{"m_AlwaysRefresh":false,"showFog":true,"showSkybox":true,"showFlares":true,"showImageEffects":true,"showParticleSystems":true,"showVisualEffectGraphs":true,"m_FxEnabled":true},"in2DMode":false,"pivot":{"x":-0.34118223190307619,"y":1.3183422088623047,"z":3.241854190826416},"rotation":{"x":0.31833747029304507,"y":0.2245779186487198,"z":-0.07790481299161911,"w":0.9177035093307495},"size":11.053616523742676,"orthographic":false}