{"cameraMode":{"drawMode":0,"name":"Shaded","section":"Shading Mode"},"sceneLighting":false,"audioPlay":false,"sceneViewState":{"m_AlwaysRefresh":false,"showFog":true,"showSkybox":false,"showFlares":true,"showImageEffects":true,"showParticleSystems":true,"showVisualEffectGraphs":true,"m_FxEnabled":true},"in2DMode":false,"pivot":{"x":0.0000019073486328125,"y":1.8299999237060547,"z":0.004915118217468262},"rotation":{"x":0.08529602736234665,"y":0.7697159051895142,"z":-0.10528726130723953,"w":0.6240752339363098},"size":1.804256558418274,"orthographic":false}