{"cameraMode":{"drawMode":0,"name":"Shaded","section":"Shading Mode"},"sceneLighting":false,"audioPlay":false,"sceneViewState":{"m_AlwaysRefresh":false,"showFog":true,"showSkybox":false,"showFlares":true,"showImageEffects":true,"showParticleSystems":true,"showVisualEffectGraphs":true,"m_FxEnabled":true},"in2DMode":false,"pivot":{"x":-0.018622279167175294,"y":-0.1965741515159607,"z":-0.02394270896911621},"rotation":{"x":-0.10361914336681366,"y":0.8963575959205627,"z":-0.3013368248939514,"w":-0.3082258105278015},"size":3.667226552963257,"orthographic":false}