{"cameraMode":{"drawMode":0,"name":"Shaded","section":"Shading Mode"},"sceneLighting":false,"audioPlay":false,"sceneViewState":{"m_AlwaysRefresh":false,"showFog":true,"showSkybox":false,"showFlares":true,"showImageEffects":true,"showParticleSystems":true,"showVisualEffectGraphs":true,"m_FxEnabled":true},"in2DMode":false,"pivot":{"x":-1.6533408164978028,"y":-0.12651872634887696,"z":0.2867356538772583},"rotation":{"x":0.28427913784980776,"y":-0.06321904808282852,"z":0.01878872886300087,"w":0.9564840793609619},"size":4.17846155166626,"orthographic":false}