{"cameraMode":{"drawMode":0,"name":"Shaded","section":"Shading Mode"},"sceneLighting":true,"audioPlay":false,"sceneViewState":{"m_AlwaysRefresh":false,"showFog":true,"showSkybox":true,"showFlares":true,"showImageEffects":true,"showParticleSystems":true,"showVisualEffectGraphs":true,"m_FxEnabled":true},"in2DMode":false,"pivot":{"x":12.641739845275879,"y":-0.22141075134277345,"z":-16.50967788696289},"rotation":{"x":-0.22779439389705659,"y":0.0005813854513689876,"z":-0.00013332096568774432,"w":-0.9737192392349243},"size":10.333148956298829,"orthographic":false}