{"cameraMode":{"drawMode":0,"name":"Shaded","section":"Shading Mode"},"sceneLighting":false,"audioPlay":false,"sceneViewState":{"m_AlwaysRefresh":false,"showFog":true,"showSkybox":false,"showFlares":true,"showImageEffects":true,"showParticleSystems":true,"showVisualEffectGraphs":true,"m_FxEnabled":true},"in2DMode":false,"pivot":{"x":14.199999809265137,"y":2.1700000762939455,"z":-41.779998779296878},"rotation":{"x":0.7311877012252808,"y":-0.0020393708255141975,"z":0.0021740312222391369,"w":0.6823957562446594},"size":2.749634027481079,"orthographic":false}