{"cameraMode":{"drawMode":0,"name":"Shaded","section":"Shading Mode"},"sceneLighting":true,"audioPlay":false,"sceneViewState":{"m_AlwaysRefresh":false,"showFog":true,"showSkybox":true,"showFlares":true,"showImageEffects":true,"showParticleSystems":true,"showVisualEffectGraphs":true,"m_FxEnabled":true},"in2DMode":false,"pivot":{"x":3.688260555267334,"y":1.1760883331298829,"z":-20.272422790527345},"rotation":{"x":-0.2653018832206726,"y":0.029119841754436494,"z":-0.007513812277466059,"w":-0.9641830325126648},"size":26.66645622253418,"orthographic":false}