{"cameraMode":{"drawMode":0,"name":"Shaded","section":"Shading Mode"},"sceneLighting":true,"audioPlay":false,"sceneViewState":{"m_AlwaysRefresh":false,"showFog":true,"showSkybox":true,"showFlares":true,"showImageEffects":true,"showParticleSystems":true,"showVisualEffectGraphs":true,"m_FxEnabled":true},"in2DMode":false,"pivot":{"x":36.306888580322269,"y":3.972567081451416,"z":-50.46353530883789},"rotation":{"x":0.35083457827568056,"y":0.28985172510147097,"z":-0.11521472781896591,"w":0.8836039900779724},"size":9.150751113891602,"orthographic":false}